{
	"default": {
		"firstScene": "04aa",
		"sceneFadeDuration": 1000,
		"type": "equirectangular",
		"autoLoad": true,
		"compass": true,
		"hotSpotDebug": true,
		"hfov": 110,
		"vfow": 100,
		"minPitch": -98,
		"maxPitch": 98,
		"basePath": "assets/panorama/",
		"imagePath": "assets/images/"
	},
	"scenes": {
		"01b": {
			"title": "01b",
			"panorama": "01b.jpg",
			"northOffset": 0,
			"hotSpots": []
		},
		"01cb": {
			"title": "01cb",
			"panorama": "01cb.jpg",
			"northOffset": 0,
			"hotSpots": []
		},
		"03b": {
			"title": "03b",
			"panorama": "03b.jpg",
			"northOffset": 0,
			"hotSpots": []
		},
		"04aa": {
			"title": "04aa",
			"panorama": "04aa.jpg",
			"northOffset": 0,
			"hotSpots": []
		}
	},
	"articles": [],
	"editor": {
		"currentScene": ""
	}
}