{
	"default": {
		"firstScene": "01ca",
		"sceneFadeDuration": 1000,
		"type": "equirectangular",
		"autoLoad": true,
		"compass": true,
		"hotSpotDebug": true,
		"hfov": 110,
		"vfow": 100,
		"minPitch": -98,
		"maxPitch": 98,
		"basePath": "assets/panorama/",
		"imagePath": "assets/images/"
	},
	"scenes": {
		"01b": {
			"title": "01b",
			"panorama": "01b.jpg",
			"northOffset": 0,
			"hotSpots": []
		},
		"01ca": {
			"title": "01ca",
			"panorama": "01ca.jpg",
			"northOffset": 0,
			"hotSpots": []
		},
		"01cb": {
			"title": "01cb",
			"panorama": "01cb.jpg",
			"northOffset": 0,
			"hotSpots": []
		},
		"01cc": {
			"title": "01cc",
			"panorama": "01cc.jpg",
			"northOffset": -97.25,
			"hotSpots": []
		}
	},
	"articles": [],
	"editor": {
		"currentScene": "01cc"
	}
}